channel_id,title,description,custom_url,published_at,country,thumbnail,view_count,subscriber_count,video_count,hidden_subscriber_count
UC9veVNyoWt960EQuyOOD3yQ,Fabia Lopes,"Oi meus amores, tudo bem com vocês? Sejam bem vindos ao nosso canal! 
Aqui vocês verão de tudo: Produtos, Comprinhas, Vlogs e muito mais!
Tudo gravado sempre com muito amor e carinho para aqueles que me acompanham! 💛✨

Meu Canal de Stories: https://www.youtube.com/@storiesdafabinha

Obrigada por assistirem! 🙌🏽

E-mail para parcerias:
💌 contatofabialopes@gmail.com 💌
",@fabialopes,2007-11-13T14:20:30Z,US,https://yt3.ggpht.com/CH1kroG2dvLzT6sLy6fqD5YBFznZWkiz0N07tKjvo6aPbNfrt-S9oXSurFND43OmUCb4231qvQ=s88-c-k-c0x00ffffff-no-rj,167992704,684000,2177,False
UCIDpGB1205UNbOPCndmmdNA,May Suzuki,"🇧🇷 Conheça o meu mundo 🇯🇵
Oi, pode me chamar de May! Sou arquiteta e adoro viajar, conhecer coisas novas, experimentar culturas e comer muita comida boa. Venha comigo pelas minhas jornadas, não vai se arrepender. 
",@maykorita,2015-06-12T12:01:44Z,BR,https://yt3.ggpht.com/eEe0yd6zwqniYe5NwQowTJDgtPsXr61isNNLXlWaLTg8-4avqgK0L-TEq7KPWxaaO-hI5m06fww=s88-c-k-c0x00ffffff-no-rj,14479533,40300,551,False
UCOxFE7hvaW60zq3br-xDYxQ,Kathleen Sassaki,"✨ Vídeos todo Sábado e Shorts de quarta a domingo!!

✈️ Viajamos pelo Brasil e pelo mundo em busca de lugares incríveis, experiências únicas e comidas que valem cada mordida!
Se você ama explorar novos destinos, descobrir culturas e pegar boas dicas de viagem, esse canal é pra você. 

🎯 Se inscreve e vem viajar com a gente!
",@kathleensassaki,2010-01-12T18:47:03Z,BR,https://yt3.ggpht.com/ZIDxD6lIa6cuqvkxdIcPgjksm8lclJFk2mjRGmtPGlv0aLV0_tQfwhr1UDJ1dlKiHn1Dgxw9Xw=s88-c-k-c0x00ffffff-no-rj,4968655,16200,137,False
UCW8zHhs15WaXEwftimepwUw,Emilly Vick Central,"Aqui você encontra um espaço cheio de alegria, criatividade e boas ideias. A Emilly compartilha vlogs, dicas do dia a dia, desafios, trends, makes, lifestyle e tudo o que inspira sua rotina.

O objetivo é divertir, motivar e criar uma comunidade onde todos se sintam parte dessa jornada. 💖

👉 Se inscreva, ative o sininho 🔔 e venha acompanhar cada nova fase dessa história.
📌 Novos vídeos todas as semanas!

GRUPO DA EMILLY VICK
https://whatsapp.com/channel/0029VbBYLMF3mFY10wfShO3l

INSTAGRAM
https://www.instagram.com/turma_do_rosasfc?igsh=MXdqMTBxNXY5b2I3Mg%3D%3D&utm_source=qr

TIK TOK
https://www.tiktok.com/@emillyvickstory?_t=ZM-8zt4E0pPb32&_r=1

",@emillyvickof.centralfc,2025-01-05T15:46:07.935505Z,BR,https://yt3.ggpht.com/4Vd0cAhfYeqFOdI9n52DIg5qt8EHOr7wD9b1_6NwpyV5A184ZnpW2MyG57tgqqGFJyOR0jQdvQ=s88-c-k-c0x00ffffff-no-rj,1328853234,1520000,7536,False
UCD5gsRPb5YK0d7IHY4ZO4kw,Bruna Paula,"Seja muito bem-vinda (o), aqui você vai encontrar, um pouco da minha rotina diária, viagens, receitas e muito mais ❤️",@brunapaula,2015-06-05T15:07:07Z,BR,https://yt3.ggpht.com/jvcR0IRgZWY1k3g-88eGHl1vvfwRmNKSMMxFcJGQfbacdjg3jnYWIz69XWelrl9twY4X5ODP8g=s88-c-k-c0x00ffffff-no-rj,233343088,1060000,2388,False
UC92C2M8o4KUzvbwoDunBElg,Léia Veloso,"Transmitindo meu dia a dia, família, filhos, receitas, dicas em geral e muito mais. Você não pode perder! Veeem ❤️",@leiaveloso,2014-11-26T21:52:47Z,,https://yt3.ggpht.com/REC3wRIa0rtdCwfVvAGYdtRTuJ2KdXPLiVLbgMPmVBaG3PXHmqNTNC1pMezcVrkCirhc7hIZnts=s88-c-k-c0x00ffffff-no-rj,44489700,194000,816,False
UCdMdGdabsaWIzSbmE1phGBQ,Kathy Castricini,"Bem vindo ao meu cantinho . Aqui eu compartilho meu dia a dia com vcs , dando dicas de beleza , maternidade , viagens , família , meu casamento e muito mais . Espero que se divirtam comigo e com minha família 💖 ",@kathycastricini,2011-06-29T13:51:16Z,BR,https://yt3.ggpht.com/htzgshyZZjNOn31l45uwmjZPF_f6zOsODOc6ETCObGYpxM5rI3MMQT19EeK_zGY3KeQRx99z=s88-c-k-c0x00ffffff-no-rj,1632935449,6740000,3189,False
UCBYNi7pdj3v6XvjC7o3qr_Q,Lar da Ana 👩‍👦,"Oioiii gente 💖 Sou a Ana uma jovem sonhadora de 22 anos !Moro no noroeste do Paraná 🫶🏻
Sonho em dar uma vida boa para meu filho que tem 5 anos e se chama Nicollas 💖
E agora nossa nova princesa de 1 aninho 
Venha fazer parte da minha rotina te espero com carinho 🙌🥰",@lardaana,2020-06-08T01:37:13.957678Z,BR,https://yt3.ggpht.com/544wPCtU6BEc0x4-tj9eXHH-fwGJ5ZMWlNg7JB1GGZy1YeFQj-CahzSjseJc2P-3mtGgKXd35g=s88-c-k-c0x00ffffff-no-rj,38293674,241000,594,False
UC7CejCC7-TzSRlBPoZvKSow,Bruna Diiniiz,,@brunadiniz,2011-10-01T22:02:08Z,BR,https://yt3.ggpht.com/lQArQwFRs4KUIlemejhpoT7ZjhYAqg6-fugia5fVT-m1eI7qWVzg4g-qnls0CdOYN1jKbfzH=s88-c-k-c0x00ffffff-no-rj,96999786,686000,813,False
UCaacjSy4aieUHKXvsa3s-Ew,João Adibe Marques,"


",@joaoadibemarques,2023-04-05T14:41:05.787756Z,,https://yt3.ggpht.com/4E1Zg4SWPb6wEf1zHC2U3kfQmjuUlTLByFn-QkENfU_K6sF-46twl1anILKOjwSXXvVvj6VZyQ=s88-c-k-c0x00ffffff-no-rj,87535800,178000,744,False
UCdok4JJ0aPbX3A5USJl_ubw,Emmy Make,Eai FRÔzinhos 💛 Sejam bem vindos ao nosso canal✨,@emmymake,2014-06-04T17:58:05Z,,https://yt3.ggpht.com/AHn6Coly_UKS6RiXoddKEw2lNSASLG1luLywZZHcxo2-FiKyN4qd8z_E1q6Jq0xD-eFIa5sI3eA=s88-c-k-c0x00ffffff-no-rj,39146856,151000,106,False
UCr_eFVLgbvv_DC2KUPugNsg,Lives do Jon,Este é o canal Oficial de cortes do JonVlogs,@livesdojon,2016-08-02T18:32:36Z,BR,https://yt3.ggpht.com/nkZ3naG6v9R8IubCHUJhx-2P_5pXO6tSFSzExpUVj_AJDMaGpAKAJKGwegk_cWsqo2xYdURs=s88-c-k-c0x00ffffff-no-rj,130277772,997000,1749,False
UCrWZ4a-jzE0OG6_xLxL3nfA,FRANCIELLE NOGUEIRA,"Francielle, Lincoln, Joshua, Noah e Olivia. Nossas loucuras, tretas e desafios através de vlogs feitos na nossa casa.
Tem comida, tem fofurice, tem perrengue e muita vida real.",@franciellenogueira,2012-11-29T16:49:38Z,BR,https://yt3.ggpht.com/74h9bbQGI6hORB10I7fbkgteflyqsDniy1u2X0YcV0FoY4f2FoGHq2w9T0uQ5Qvm9oEDGpzvsg=s88-c-k-c0x00ffffff-no-rj,114045624,746000,1399,False
UC-B2Lh9k6pcnzGKQ9jg7GCA,Guilhermedodf,"Espero que gostem dos vídeos, aqui eu posto o que gosto de assistir. sigam para+",@gulhermedodf,2024-06-22T02:19:07.540553Z,,https://yt3.ggpht.com/uoCd82kpeu9_r9KUVxyOMrEeWuOj5uYxjhdXr7ky-g7K2LEHL5A__AfC7uT_FtMgE7dXkzXU=s88-c-k-c0x00ffffff-no-rj,739825149,776000,1218,False
UCAhDJ2q-x9FlcAR5uu7T5Tw,Josiane Szewczuk - Chácara Vale dos Sonhos,"Oii, meu povo! Eu  sou a Josi e espero que curtam o canal! 
Se você ainda não for inscrito por aqui, INSCREVA-SE para me dar uma forcinha... 
Ativem o sininho que é muitoo importante e sempre DEIXEM O LIKE!!! Pra eu saber se estão curtindo me ver por aqui hehe...Sempre faço meus vídeos com todo carinho e sou muitoooo grata por cada inscrito que conquisto... OBRIGADA DE 💙",@josianeszewczuk,2016-05-17T11:15:48Z,BR,https://yt3.ggpht.com/dVfu436gvSf6HEJGjyzCT0mZ7ueG58hKF_hlxBdXxg7V7rh-7k5YrSGy_CGOAXg0LULjUWk2=s88-c-k-c0x00ffffff-no-rj,29647973,161000,617,False
UCUo1XzYYdH7vZRK4-TdcUIQ,Flavio Brotas,"Bem-vindo ao canal Flaviobr! Acompanhe o meu dia a dia sobre duas rodas pelas ruas de São Paulo. Aqui você encontra motovlogs cheios de ação, dicas para motoboys, flagras do trânsito e a realidade da vida na moto. Busco sempre mostrar os acontecimentos da rua e incentivar o respeito e a ajuda mútua no trânsito.

Se você curte motos, adrenalina e quer ver a cidade por um ângulo diferente, seu lugar é aqui!
  

Quem quiser me apoiar através da vaquinha para pagar a moto, irei ficar muito feliz, Deus abençoe.


Pix: 11946364752

➡️ Inscreva-se agora e acelere comigo!",@flaviobrotas,2024-03-31T02:06:14.26121Z,BR,https://yt3.ggpht.com/I2FJQFpfk4Qpn5Ohc8Y_hX7kCS0GeN219u9IM0GpMZL2DyyclAkxO3KPGxzk-iWX2pQJz2Xbog=s88-c-k-c0x00ffffff-no-rj,221996882,543000,756,False
UC0VJYO6w_6rR9qTissTbCgQ,Lu Ferreira,"RESENHAS, VIAGEM, BEM ESTAR E GASTRONOMIA

Já conhece a Comunidade Hábitos que Abraçam? A #HABRA é um espaço onde você pode se conectar com outras pessoas e encontrar apoio, compartilhar suas experiências e construir uma vida equilibrada baseada em hábitos saudáveis. A comunidade é uma oportunidade para você que quer abraçar hábitos para uma vida melhor a cada dia. Faça parte:  
https://luferreira.substack.com/

———————
Livros que recomendo:

Hábitos Atômicos https://amzn.to/442mVQT
O que aconteceu com você? https://amzn.to/3xuWLdo
O Chamado da Coragem https://amzn.to/4ayngxk
O obstáculo é o caminho https://amzn.to/3PZlI7j
A Bailarina de Auschwitz https://amzn.to/4awPnwA
Mude Seus Horários, Mude Sua Vida https://amzn.to/442mAxB
Outlive - https://amzn.to/4cShzvs
Por que nós dormimos https://amzn.to/3vRAtSH

———————
Também estou aqui:
BLOG: www.chatadegalocha.com
INSTAGRAM: instagram.com/lutsferreira
TWITTER: twitter.com/luferreira
———————
EMAIL: luferreira@coolabdigital.com",@luferreira,2011-09-30T16:38:35Z,BR,https://yt3.ggpht.com/aGZlYxvpGgtqqTHJ7YYFzHPnQC4Dx3uRqwqY0H-fxGcHj3Rpc7AkDUzmeOQ8qJ0SVhOw8JUxfw=s88-c-k-c0x00ffffff-no-rj,186471872,1070000,1955,False
UC4Mc_b1qLmFQmykFVifIzaw,Nicole Prazeres,"Salve Salve!
Sou a Nicole Prazeres, comecei no YouTube em 2015 e desde então crio conteúdo para as redes sociais falando sobre beleza, autocuidado, estilo e mostrando como meu lifestyle pode te inspirar no dia a dia! 

♡ CONTATO PROFISSIONAL: comercial.nicoleprazeres@gmail.com
",@nicoleprazeress,2015-08-22T22:24:09Z,BR,https://yt3.ggpht.com/6TBEORRKEXteW91P4o9l8TVttDFE77cpJw7p6gCYhyZKaGG-rPB2RCCpT4oXt2_SlLXSwLhdk1A=s88-c-k-c0x00ffffff-no-rj,87378845,670000,1155,False
UCL1VnGs_zc5IqIxAMReOIfg,Fernanda Cordiolli,"Oiii, gente!
Eu sou a Fer 
Meu intuito com o canal é incentivar e inspirar pessoas a cuidarem da sua casa com amor e capricho. Compartilho da minha vida como dona de casa, esposa e criadora de conteúdo ao mesmo tempo e espero poder te ajudar de alguma forma!

Meus vídeos vão ao ar toda segunda, quarta e sexta às 12h.

Sejam muito bem-vindos(as) ao meu canal!
",@fernandacordiolli,2011-09-30T22:23:04Z,BR,https://yt3.ggpht.com/KqhxPHyREqn2bw8V14LpCTyfjXIuw5YGhIdZAyzXkS-O4PUvAedQCdzkwQ8PcvlkScw7EtzRQ6k=s88-c-k-c0x00ffffff-no-rj,34223268,148000,792,False
UC6I0LPHmH0WL1OkcLyKwchg,Espaço Rústico,"Uma família apaixonada pela natureza🏕️
https://www.facebook.com/profile.php?id=61557918187538

",@espacorustico-d7j,2026-04-03T17:05:50.998497Z,US,https://yt3.ggpht.com/FxpiCJSlWvEhSMmA8Td_cj1s1YEBXM9CwOSIi3lfZr7LiQnXn4ajgc73qkvkGIkpiydmNy0V=s88-c-k-c0x00ffffff-no-rj,12535549,16000,357,False
UCEnKa-FmaQcVGHxfwhux3lQ,Blog das irmãs,"No Blog das irmãs Maru e Jeru gostam de fazer vídeos divertidos, como, comendo comidas, vários 24 horas, 24 Horas Comendo, provando doces e coisas novas, vlogs e muito entretenimento para sua diversão!

Aqui você encontra muito entretenimento com desafios e vídeos engraçados para toda família assistir.

#blogdasirmas
",@blogdasirmas,2014-12-30T23:50:32Z,BR,https://yt3.ggpht.com/g5cGSktVxO85NOeWa8GYQbpbWhladuKW-vHDS0BllRQlId4PvxagQ4W7exvS1vkwdqcjzJEY3A=s88-c-k-c0x00ffffff-no-rj,804675210,2850000,2208,False
